name,lat,lon,temp,hum,wind,cloud,maxt
khatanga,71.97,102.5,24.04,95,5.41,34,24.04
punta arenas,-53.15,-70.92,42.39,70,26.4,20,42.8
airai,-8.93,125.41,67.21,52,2.8,0,67.21
lompoc,34.64,-120.46,61.92,63,12.75,1,62.6
kiama,-34.68,150.87,60.28,67,5.82,100,63.0
andenes,69.31,16.12,38.75,93,24.16,100,41.0
turayf,31.67,38.66,62.6,48,4.7,43,62.6
vaini,-21.2,-175.2,84.2,74,8.05,40,84.2
samana,19.21,-69.34,82.4,69,10.16,20,82.4
faanui,-16.48,-151.75,82.83,75,15.23,60,82.83
tuatapere,-46.13,167.68,54.0,72,5.99,35,54.0
comodoro rivadavia,-45.87,-67.5,59.0,38,17.22,0,59.0
qasigiannguit,68.82,-51.19,30.2,54,24.16,100,30.2
ibotirama,-12.19,-43.22,71.73,81,3.53,83,71.73
lebu,-37.62,-73.65,55.83,74,9.84,100,55.83
senno,59.53,33.92,30.09,98,2.37,80,30.09
saint george,37.1,-113.58,71.26,28,13.87,1,71.6
bredasdorp,-34.53,20.04,53.74,93,2.24,6,55.99
ushuaia,-54.8,-68.3,41.0,86,27.51,90,41.0
rikitea,-23.12,-134.97,77.07,67,5.99,100,77.07
san policarpo,12.18,125.51,82.33,83,13.11,95,82.33
saint-philippe,-21.36,55.77,66.99,73,6.93,75,73.4
cape town,-33.93,18.42,62.92,77,18.34,75,64.0
busselton,-33.65,115.33,54.68,63,20.2,78,57.99
albany,42.6,-73.97,60.01,52,4.18,90,60.01
muroto,33.28,134.15,64.4,82,8.05,40,64.4
kodiak,57.79,-152.41,46.4,75,12.75,90,46.4
pathein,16.78,94.73,77.59,87,6.69,7,77.59
san cristobal,7.77,-72.22,89.6,52,2.24,40,89.6
roald,62.58,6.13,39.88,93,10.29,0,41.0
hofn,64.25,-15.21,44.04,84,8.34,99,44.04
mount gambier,-37.83,140.77,59.0,67,18.34,40,59.0
chokurdakh,70.63,147.92,7.12,94,11.52,86,7.12
puerto ayora,-0.74,-90.35,82.18,70,18.34,75,84.2
port elizabeth,-33.92,25.57,71.6,46,12.75,29,71.6
tasiilaq,65.61,-37.64,32.0,92,4.7,100,32.0
tuktoyaktuk,69.45,-133.04,10.4,85,9.17,90,10.4
qaanaaq,77.48,-69.36,15.82,84,16.4,75,15.82
praia da vitoria,38.73,-27.07,57.2,62,18.77,20,57.2
sinnamary,5.38,-52.95,79.9,84,16.82,97,79.9
hermanus,-34.42,19.23,58.24,95,1.01,38,61.0
pevek,69.7,170.31,9.91,94,6.98,100,9.91
odweyne,9.41,45.06,74.93,50,1.07,100,74.93
katsuura,35.13,140.3,51.04,87,6.93,75,51.8
ilulissat,69.22,-51.1,30.2,54,24.16,100,30.2
san patricio,19.22,-104.7,75.2,78,17.22,5,75.2
ponta do sol,32.67,-17.1,56.07,64,5.01,13,57.99
nago,26.59,127.98,65.53,93,11.41,75,66.2
kati,12.74,-8.07,93.2,26,4.7,97,93.2
butaritari,3.07,172.79,83.39,73,8.81,23,83.39
sept-iles,50.2,-66.38,32.0,97,13.87,90,32.0
atar,20.52,-13.05,71.76,20,8.34,0,71.76
hosakote,14.28,77.17,77.07,44,6.15,33,77.07
mumford,5.26,-0.76,82.0,81,7.78,99,82.0
pisco,-13.7,-76.22,70.92,73,17.22,0,71.6
old saybrook,41.29,-72.38,49.78,66,9.17,1,51.01
atuona,-9.8,-139.03,82.89,73,12.97,38,82.89
barrow,71.29,-156.79,12.2,85,6.93,90,12.2
iberia,29.95,-91.75,78.8,88,17.22,90,78.8
guymon,36.68,-101.48,72.52,26,8.05,20,73.4
derzhavinsk,51.1,66.32,53.47,66,6.87,99,53.47
chopovychi,50.83,28.95,33.8,83,8.14,5,33.8
mahebourg,-20.41,57.7,74.73,88,11.41,40,75.2
longyearbyen,78.22,15.64,28.4,86,33.33,90,28.4
saskylakh,71.92,114.08,17.15,95,3.6,2,17.15
hovd,48.01,91.64,37.11,36,0.54,0,37.11
cidreira,-30.18,-50.21,68.07,85,16.93,0,68.07
provideniya,64.38,-173.3,22.44,95,14.94,100,22.44
mataura,-46.19,168.86,54.0,72,5.99,72,54.0
jamestown,42.1,-79.24,45.19,81,12.75,90,46.0
iqaluit,63.75,-68.51,1.2,70,8.05,20,1.4
narsaq,60.92,-46.05,28.4,58,4.7,0,28.4
farsund,58.09,6.8,43.47,76,4.74,0,45.0
balkhash,46.84,74.98,55.45,36,9.44,0,55.45
cockburn town,21.46,-71.14,79.18,82,16.49,7,79.18
bluff,-46.6,168.33,54.0,72,5.99,78,54.0
pochutla,15.74,-96.47,86.0,66,17.22,40,86.0
broken hill,-31.95,141.43,68.0,32,11.41,75,68.0
sola,-13.88,167.55,86.0,89,5.82,75,86.0
ianca,45.13,27.45,50.0,66,26.4,90,50.0
alta floresta,-9.88,-56.09,72.99,86,0.89,47,72.99
hithadhoo,-0.6,73.08,84.76,75,10.29,90,84.76
da lat,11.95,108.44,65.46,57,0.87,63,65.46
surab,28.49,66.26,58.3,33,6.51,52,58.3
bethel,41.37,-73.41,55.17,35,10.29,1,57.2
mountain home,43.13,-115.69,66.11,19,11.41,1,68.0
escuintla,14.3,-90.78,73.4,64,16.11,20,73.4
maputo,-25.97,32.59,66.2,88,6.93,1,66.2
vila velha,-20.33,-40.29,74.57,73,10.29,40,75.2
new norfolk,-42.78,147.06,51.93,92,7.74,100,55.99
upernavik,72.79,-56.15,26.91,84,26.26,94,26.91
savannah bight,16.45,-85.85,82.18,80,29.19,47,82.18
port macquarie,-31.43,152.92,63.97,82,3.36,40,66.0
duzce,40.84,31.16,58.91,51,3.74,44,58.91
kupino,54.37,77.3,50.67,68,5.64,50,50.67
salym,60.06,71.48,34.79,87,4.79,0,34.79
neepawa,50.23,-99.47,53.6,37,21.92,75,53.6
lagunas,-5.23,-75.68,75.94,63,2.15,0,75.94
nemuro,43.32,145.57,37.92,83,15.99,95,37.92
sitka,57.05,-135.33,45.72,81,4.7,90,51.8
bengkulu,-3.8,102.27,78.13,83,4.12,84,78.13
lixourion,38.2,20.43,57.99,62,2.15,74,57.99
bealanana,-14.55,48.73,60.58,69,4.14,54,60.58
castro,-24.79,-50.01,57.07,70,5.88,34,57.07
touros,-5.2,-35.46,78.8,88,3.36,20,78.8
chuy,-33.7,-53.46,64.58,89,7.49,23,64.58
yakymivka,46.69,35.15,47.41,84,5.57,100,47.41
los llanos de aridane,28.66,-17.92,64.4,72,10.29,20,64.4
guangyuan,32.44,105.82,48.99,83,4.83,99,48.99
te anau,-45.42,167.72,51.75,57,7.76,58,51.75
kaitangata,-46.28,169.85,57.99,43,14.0,52,57.99
mayumba,-3.43,10.66,79.09,85,12.33,90,79.09
aykhal,66.0,111.5,23.0,38,2.24,2,23.0
victoria,22.29,114.16,74.43,83,4.25,85,77.0
carnarvon,-24.87,113.63,71.6,83,11.41,49,71.6
dunedin,-45.87,170.5,59.0,35,7.0,46,59.0
thompson,55.74,-97.86,23.0,79,10.29,90,23.0
paraiso,9.84,-83.87,69.8,88,1.12,75,69.8
were ilu,10.6,39.43,55.44,38,1.41,99,55.44
ambon,-3.7,128.18,84.2,79,2.24,40,84.2
grand forks,47.93,-97.03,48.99,36,20.8,75,50.0
yellowknife,62.46,-114.35,26.29,53,20.8,40,26.6
placido de castro,-10.34,-67.19,75.74,69,1.72,8,75.74
kapaa,22.08,-159.32,79.92,61,10.29,1,80.6
hobart,-42.88,147.33,52.74,81,6.93,90,53.6
susanville,40.42,-120.65,55.99,57,10.0,87,55.99
teya,60.38,92.63,31.64,83,4.7,46,31.64
bahia blanca,-38.72,-62.27,63.25,45,7.56,91,63.25
manoel urbano,-8.84,-69.26,74.95,67,1.5,15,74.95
santarem,-2.44,-54.71,77.0,94,5.82,75,77.0
praia,14.92,-23.51,71.6,68,19.46,20,71.6
jiuquan,39.74,98.52,41.94,27,3.38,4,41.94
charleston,32.78,-79.93,64.0,93,12.75,90,66.0
susehri,40.16,38.09,51.22,38,3.94,65,51.22
margate,51.38,1.39,49.66,80,4.0,0,50.0
avera,33.19,-82.53,55.27,94,5.82,90,57.2
tilichiki,60.47,166.1,16.95,90,16.53,91,16.95
mantua,45.17,10.78,61.39,86,1.01,100,62.01
fairbanks,64.84,-147.72,46.54,93,3.36,75,48.0
caibarien,22.52,-79.47,87.8,55,6.93,75,87.8
souillac,-20.52,57.52,74.64,88,11.41,40,75.2
college,64.86,-147.8,46.63,75,2.55,90,48.0
kruisfontein,-34.0,24.73,67.21,49,4.18,20,67.21
ribnitz-damgarten,54.25,12.47,35.11,59,4.7,0,37.4
sorland,67.67,12.69,40.82,94,19.01,100,40.82
wexford,52.33,-6.46,48.99,85,12.59,50,48.99
alamosa,37.47,-105.87,51.58,24,17.22,90,51.8
burnie,-41.07,145.92,54.95,96,24.0,100,55.99
dikson,73.51,80.55,34.48,89,22.77,90,34.48
kitimat,54.05,-128.65,59.61,39,16.11,20,62.6
haines junction,60.75,-137.51,48.24,48,9.42,98,48.24
ribeira grande,38.52,-28.7,56.68,63,12.53,7,56.68
anadyr,64.75,177.48,19.17,79,2.24,40,19.4
mingaora,34.78,72.36,55.94,42,7.31,83,55.94
ahipara,-35.17,173.17,63.28,90,5.37,100,63.28
bambous virieux,-20.34,57.76,74.64,88,11.41,40,75.2
aberdeen,57.14,-2.1,37.56,93,4.7,0,41.0
mount isa,-20.73,139.5,78.8,26,3.36,75,78.8
adrar,20.5,-10.07,75.76,18,6.55,0,75.76
sioux lookout,50.1,-91.92,34.14,43,16.11,90,35.6
inhambane,-23.86,35.38,73.2,83,10.02,14,73.2
hasaki,35.73,140.83,48.09,93,6.93,75,48.2
cabo san lucas,22.89,-109.91,77.34,44,8.05,5,78.8
dosso,13.05,3.19,85.48,35,4.27,28,85.48
nikolskoye,59.7,30.79,37.13,94,4.47,67,37.4
iquitos,-3.75,-73.25,77.0,88,1.12,40,77.0
santiago,-33.46,-70.65,77.99,39,3.36,0,80.6
port hawkesbury,45.62,-61.35,30.74,68,17.22,1,30.99
asyut,27.18,31.18,64.4,52,9.17,0,64.4
ankazobe,-18.32,47.12,60.8,77,11.41,75,60.8
atbasar,51.8,68.33,52.48,63,4.43,91,52.48
mgandu,-5.95,34.13,61.29,65,3.91,85,61.29
torbay,47.67,-52.73,33.85,92,23.04,90,35.01
taltal,-25.4,-70.48,60.87,75,2.08,0,60.87
kalghatgi,15.18,74.97,73.62,70,2.28,29,73.62
mar del plata,-38.0,-57.56,66.61,82,6.93,29,66.99
olavarria,-36.89,-60.32,69.01,70,5.32,18,69.01
moree,-29.47,149.85,62.6,55,2.24,84,62.6
nelson bay,-32.72,152.15,62.28,63,10.29,86,64.0
ulladulla,-35.35,150.47,55.31,67,5.82,100,59.0
axim,4.87,-2.24,81.61,81,6.91,99,81.61
adra,36.75,-3.02,64.4,72,8.05,15,64.4
grand gaube,-20.01,57.66,74.44,88,11.41,40,75.2
zhanjiang,21.28,110.34,77.29,85,13.82,61,77.29
vikhorevka,56.12,101.16,24.39,45,4.47,0,24.8
srednekolymsk,67.45,153.68,9.52,93,12.19,86,9.52
tiksi,71.69,128.87,14.04,91,6.31,94,14.04
sao gabriel da cachoeira,-0.13,-67.09,74.68,93,1.23,68,74.68
mugumu,-1.85,34.7,60.76,64,1.72,100,60.76
cabedelo,-6.98,-34.83,77.0,94,7.67,11,77.0
olafsvik,64.89,-23.71,44.38,91,21.25,100,44.38
nicoya,10.15,-85.45,87.12,43,11.41,20,91.4
mecca,21.43,39.83,74.16,73,1.63,100,74.16
cherskiy,68.75,161.3,9.03,93,7.92,100,9.03
shahreza,32.03,51.88,53.56,38,0.11,86,53.56
barentu,15.11,37.59,68.65,17,4.05,92,68.65
spokane,47.62,-117.37,63.03,34,5.82,75,64.99
hilo,19.73,-155.09,76.73,51,12.75,1,82.4
cortez,37.35,-108.59,57.92,27,10.29,75,62.6
sao filipe,14.9,-24.5,71.82,74,19.71,0,71.82
leningradskiy,69.38,178.42,13.62,92,9.06,93,13.62
petrozavodsk,61.78,34.35,35.6,97,4.47,67,35.6
pascagoula,30.37,-88.56,79.23,65,6.93,40,80.6
alexandria,31.22,29.96,60.55,77,4.7,2,62.6
alta gracia,-31.65,-64.43,71.55,59,6.93,0,77.0
saint-louis,16.33,-15.0,86.0,30,6.93,3,86.0
avarua,-21.21,-159.78,82.4,69,12.75,2,82.4
winneba,5.35,-0.62,82.4,83,11.41,40,82.4
bay roberts,47.6,-53.26,35.01,1,11.01,100,35.01
nouadhibou,20.93,-17.03,66.2,77,19.46,0,66.2
galveston,29.37,-94.97,78.26,88,17.22,90,81.0
kholodnyy,62.72,147.95,5.58,80,4.85,100,5.58
henties bay,-22.12,14.28,57.99,93,1.99,5,57.99
arraial do cabo,-22.97,-42.03,73.67,70,4.79,96,73.67
nanortalik,60.14,-45.24,28.4,89,9.46,6,28.4
coahuayana,18.73,-103.68,84.2,54,5.82,5,84.2
berdigestyakh,62.1,126.7,16.95,89,3.62,38,16.95
lakes entrance,-37.88,147.98,61.0,60,28.99,100,61.0
east london,-33.02,27.91,76.21,54,13.35,0,76.21
norman wells,65.28,-126.83,28.4,68,6.93,90,28.4
mega,4.05,38.3,61.32,60,1.03,100,61.32
plaster rock,46.91,-67.39,50.22,40,11.41,90,51.8
lhokseumawe,5.18,97.15,79.05,81,3.91,60,79.05
trabzon,40.92,39.83,51.8,76,3.36,37,51.8
gat,31.61,34.76,60.53,15,5.48,1,63.0
carahue,-38.7,-73.17,59.0,77,2.24,100,59.0
chimbarongo,-34.7,-71.05,71.31,40,4.7,90,75.2
adeje,28.12,-16.73,61.23,63,6.93,20,64.4
kuryk,43.2,51.65,53.2,79,0.94,40,53.2
kalianget,-7.05,113.93,82.6,74,0.67,100,82.6
guerrero negro,27.98,-114.06,64.09,68,21.43,93,64.09
talaya,61.38,152.75,4.42,81,10.29,100,4.42
yar-sale,66.83,70.83,34.12,98,8.01,100,34.12
willowmore,-33.29,23.49,68.02,18,5.37,0,68.02
port-gentil,-0.72,8.78,79.61,81,2.37,100,79.61
apsheronsk,44.46,39.73,45.7,53,4.03,60,45.7
port alfred,-33.59,26.89,72.0,74,7.36,14,72.0
georgetown,5.41,100.34,77.65,94,3.91,20,78.8
ponta delgada,37.73,-25.67,55.4,62,8.05,20,55.4
mogadishu,2.04,45.34,83.17,74,8.08,88,83.17
kavieng,-2.57,150.8,83.79,75,7.14,78,83.79
neiafu,-18.65,-173.98,84.2,70,9.17,40,84.2
sao joao da barra,-21.64,-41.05,71.65,77,6.73,71,71.65
namwala,-15.75,26.44,61.72,62,1.23,0,61.72
yeppoon,-23.13,150.73,77.0,78,6.93,75,77.0
athabasca,54.72,-113.29,49.84,64,9.24,83,49.84
sayville,40.74,-73.08,49.68,66,14.99,90,51.01
lazaro cardenas,17.96,-102.2,80.53,71,6.82,35,80.53
eureka,40.8,-124.16,56.93,68,5.99,7,61.0
calabozo,8.92,-67.43,84.99,53,5.03,64,84.99
yulara,-25.24,130.99,80.6,36,12.75,25,80.6
laguna,38.42,-121.42,68.81,48,6.93,1,71.01
faribault,44.3,-93.27,49.08,31,10.29,15,50.0
anchorage,61.22,-149.9,47.64,70,8.05,90,50.0
jijiga,9.35,42.8,65.8,52,6.33,100,65.8
general roca,-39.03,-67.58,68.0,40,9.73,96,68.0
tura,25.52,90.22,68.61,85,1.66,26,68.61
erenhot,43.65,111.98,28.18,52,25.03,0,28.18
ravar,31.27,56.81,62.78,40,1.48,59,62.78
isla vista,34.41,-119.86,63.03,67,11.41,90,64.99
gimli,50.63,-96.99,48.0,46,13.0,100,48.0
barcelos,41.54,-8.62,52.25,93,2.24,40,53.6
ostrovnoy,68.05,39.51,25.7,97,7.67,74,25.7
lebyazhye,55.27,66.49,40.75,65,5.88,74,40.75
bozuyuk,39.91,30.04,45.75,70,4.7,18,46.4
road town,18.42,-64.62,80.01,81,11.99,33,80.01
asau,46.43,26.4,46.15,87,8.05,90,46.4
pangnirtung,66.15,-65.71,-1.23,85,4.12,36,-1.23
arlit,18.74,7.39,82.33,12,2.08,79,82.33
port augusta,-32.5,137.77,65.82,68,8.05,40,68.0
batagay-alyta,67.8,130.41,20.82,86,3.62,88,20.82
kalabo,-14.97,22.68,65.62,60,4.74,37,65.62
aswan,24.09,32.91,70.5,30,8.34,0,70.5
shingu,33.73,135.98,62.6,93,3.36,75,62.6
roslavl,53.95,32.86,31.71,90,7.76,13,31.71
vao,-22.67,167.48,78.03,81,15.39,100,78.03
lavrentiya,65.58,-171.0,21.18,91,8.16,100,21.18
nara,34.69,135.8,57.94,77,3.36,75,60.8
lagoa,39.05,-27.98,56.55,63,17.36,23,56.55
gerash,27.67,54.14,72.0,32,4.14,100,72.0
karymskoye,51.62,114.35,23.07,68,13.02,68,23.07
clyde river,70.47,-68.59,1.4,77,2.24,1,1.4
abu samrah,35.3,37.18,66.85,40,2.98,54,66.85
roma,43.21,-75.46,43.77,93,4.7,90,44.6
flinders,-34.58,150.86,59.11,61,5.01,100,63.0
pacific grove,36.62,-121.92,60.24,55,12.75,1,62.6
saint-augustin,51.23,-58.65,28.63,98,15.05,100,28.63
russell,32.35,-85.2,58.12,93,5.61,90,59.0
port lincoln,-34.73,135.87,62.22,58,15.35,100,62.22
saldanha,-33.01,17.94,59.0,82,12.75,31,59.0
constitucion,-35.33,-72.42,57.25,68,12.71,74,57.25
port blair,11.67,92.75,83.32,77,6.38,11,83.32
ossora,59.24,163.07,22.77,87,8.61,72,22.77
kulhudhuffushi,6.62,73.07,86.32,69,8.55,36,86.32
ormara,25.21,64.64,77.54,84,10.98,66,77.54
mezen,65.85,44.24,29.05,99,3.94,90,29.05
lorengau,-2.02,147.27,84.47,75,7.65,46,84.47
bilibino,68.05,166.44,8.42,79,3.74,81,8.42
fairhope,30.52,-87.9,76.8,78,4.7,1,78.01
prince rupert,54.32,-130.32,51.8,69,5.82,1,51.8
kasongo,-4.45,26.67,67.3,83,0.47,49,67.3
maracanau,-3.88,-38.63,83.61,70,5.82,20,84.2
maceio,-9.67,-35.74,75.2,94,3.36,75,75.2
zarubino,42.63,131.09,39.74,93,14.05,100,39.74
breyten,-26.3,29.99,47.71,58,2.24,6,47.71
sesheke,-17.48,24.3,60.8,93,1.12,2,60.8
veraval,20.9,70.37,78.64,61,10.45,1,78.64
viytivka,48.43,29.54,39.56,68,8.25,59,39.56
walvis bay,-22.96,14.51,59.5,82,1.12,15,60.8
palu,-0.89,119.87,81.72,73,2.37,63,81.72
salas,43.41,-6.26,51.03,93,3.36,75,52.0
straumen,63.87,11.3,41.36,81,5.82,74,42.8
nueve de julio,-35.44,-60.88,69.01,64,4.41,0,69.01
evensk,61.95,159.23,14.13,92,8.72,100,14.13
gasa,31.5,34.47,60.8,74,8.37,0,64.0
poum,-20.23,164.02,81.18,75,7.11,99,81.18
richards bay,-28.78,32.04,67.68,79,9.53,0,67.68
caravelas,-17.71,-39.25,76.08,76,15.39,78,76.08
pacora,9.08,-79.28,87.8,66,5.82,40,87.8
taoudenni,22.68,-3.98,77.97,21,6.42,0,77.97
halifax,44.65,-63.57,45.46,30,6.53,0,46.0
tongchuan,35.08,109.09,50.31,30,14.05,90,50.31
pandan,14.05,124.17,81.75,75,7.52,99,81.75
mehran,33.12,46.16,51.8,71,4.7,0,51.8
esperance,-33.87,121.9,51.8,87,8.05,0,51.8
healdsburg,38.61,-122.87,63.9,55,8.05,40,66.0
xingyi,24.19,102.82,62.38,34,4.79,0,62.38
berea,41.37,-81.85,54.88,54,12.75,75,57.2
mae ramat,16.98,98.52,73.4,56,0.78,20,73.4
moussoro,13.64,16.49,84.09,13,10.42,15,84.09
machali,-34.18,-70.67,75.2,53,9.17,1,75.2
rassvet,46.83,40.75,48.61,79,4.21,96,48.61
cheney,47.49,-117.58,60.8,48,10.29,40,62.6
bodden town,19.28,-81.25,84.43,74,6.93,20,86.0
agutaya,11.15,120.94,83.37,80,21.07,67,83.37
salalah,17.02,54.09,82.4,69,5.82,40,82.4
itarema,-2.92,-39.92,77.83,86,3.76,18,77.83
nkhotakota,-12.93,34.3,73.36,64,13.04,69,73.36
kavaratti,10.57,72.64,85.08,69,5.19,42,85.08
oistins,13.07,-59.53,80.6,69,19.46,20,80.6
geraldton,-28.77,114.6,54.91,87,11.41,0,55.4
awjilah,29.11,21.29,71.08,24,8.59,32,71.08
alofi,-19.06,-169.92,86.0,70,13.87,33,86.0
fauske,67.26,15.39,37.9,97,4.83,100,41.0
chalisgaon,20.47,75.02,77.13,32,1.74,18,77.13
ust-kulom,61.69,53.69,31.3,95,3.98,85,31.3
kununurra,-15.77,128.73,80.6,74,4.7,72,80.6
feicheng,35.26,117.97,56.34,40,14.58,83,56.34
camacha,33.08,-16.33,60.8,77,9.17,20,60.8
carepa,7.76,-76.65,84.2,70,9.17,40,84.2
zamania,25.43,83.57,79.79,20,7.47,86,79.79
disna,55.57,28.2,30.56,96,6.62,11,30.56
jiayuguan,39.82,98.3,40.8,26,5.17,5,40.8
koumac,-20.57,164.28,82.42,69,2.42,99,82.42
rafai,4.95,23.92,70.34,80,4.03,100,70.34
hualmay,-11.1,-77.61,70.61,78,8.08,21,70.61
rio claro,-22.41,-47.56,64.4,88,2.24,11,64.4
gizo,-8.1,156.84,84.88,71,2.53,97,84.88
barranca,-10.75,-77.77,72.45,73,9.53,26,72.45
port hardy,50.7,-127.42,53.6,76,5.82,75,53.6
gwadar,25.12,62.33,79.41,80,9.91,71,79.41
takoradi,4.88,-1.76,81.64,82,7.56,100,81.64
goderich,43.75,-81.72,39.42,67,12.86,27,42.01
totness,5.88,-56.32,79.25,86,15.55,100,79.25
mayo,38.89,-76.51,57.9,62,11.41,1,61.0
mizan teferi,6.98,35.58,63.59,49,2.89,100,63.59
camargo,27.67,-105.17,85.87,8,16.13,22,85.87
norton,-17.88,30.7,55.4,76,4.7,4,55.4
hamilton,39.18,-84.53,55.9,54,5.82,40,57.2
robinson,31.47,-97.11,85.21,16,14.99,5,86.0
port hedland,-20.32,118.57,77.0,94,3.36,81,77.0
luangwa,-15.62,30.42,74.95,54,5.95,77,74.95
oyon,-10.67,-76.77,44.92,30,0.74,73,44.92
chokwe,-24.53,32.98,64.35,92,5.79,0,64.35
jizan,17.33,42.67,86.0,70,5.48,75,86.0
virginia beach,36.85,-75.98,60.76,77,3.36,90,63.0
kalmunai,7.42,81.82,81.91,79,5.12,65,81.91
luderitz,-26.65,15.16,60.8,87,8.05,0,60.8
kampene,-3.6,26.67,66.38,82,0.54,40,66.38
tamworth,52.63,-1.7,42.22,70,10.29,0,42.8
villarrica,-25.75,-56.43,68.58,59,4.32,0,68.58
mehamn,71.04,27.85,37.4,93,19.46,75,37.4
severo-kurilsk,50.68,156.12,30.97,91,9.89,73,30.97
kromy,52.69,35.77,34.97,81,5.1,97,34.97
nuuk,64.18,-51.72,30.09,63,34.45,73,30.2
buraydah,26.33,43.98,71.6,56,10.29,40,71.6
maua,-23.67,-46.46,64.98,82,11.41,90,66.2
iskateley,67.68,53.15,29.52,98,6.29,98,29.52
komsomolskiy,40.43,71.72,55.4,54,6.93,0,55.4
vinderup,56.48,8.79,38.88,74,2.24,0,39.99
kijang,35.24,129.21,55.4,76,5.82,20,55.4
fortuna,40.6,-124.16,54.95,81,13.87,75,55.99
redmond,47.67,-122.12,61.79,55,3.65,77,64.0
pyu,18.48,96.43,73.47,74,4.5,3,73.47
cairns,-16.92,145.77,80.98,83,13.87,90,82.0
kifri,34.7,44.97,67.71,47,6.91,0,67.71
caramay,10.18,119.24,84.79,73,9.69,69,84.79
beloha,-25.17,45.05,70.92,76,16.02,0,70.92
pecos,31.42,-103.49,83.64,7,19.46,1,84.2
iznoski,54.99,35.31,30.34,93,4.74,14,30.34
damara,4.96,18.7,75.2,83,4.59,20,75.2
xichang,27.9,102.26,60.69,36,0.72,29,60.69
cedar city,37.68,-113.06,62.08,42,9.17,75,62.6
vila franca do campo,37.72,-25.43,55.4,62,8.05,20,55.4
teguise,29.06,-13.56,66.2,72,11.41,75,66.2
vardo,70.37,31.11,37.4,86,21.92,75,37.4
genhe,50.78,121.52,19.11,74,14.61,100,19.11
kahului,20.89,-156.47,78.76,51,9.17,40,82.4
tay ninh,11.3,106.1,80.58,77,7.87,9,80.58
reading,51.46,-0.97,45.72,75,10.29,1,46.99
kroya,-7.63,109.25,80.28,80,2.21,83,80.28
klaksvik,62.23,-6.59,42.8,87,11.41,1,42.8
rocha,-34.48,-54.33,61.99,81,5.77,13,61.99
muscat,23.61,58.59,80.6,94,5.82,20,80.6
muravlenko,63.79,74.52,32.31,92,12.73,63,32.31
codrington,-38.27,141.97,60.48,60,23.73,62,60.48
poplar bluff,36.76,-90.39,59.9,72,5.82,75,60.8
palmer,42.16,-72.33,52.95,50,17.22,40,53.6
basirhat,22.67,88.87,80.6,94,3.2,40,80.6
namibe,-15.2,12.15,75.31,65,2.8,19,75.31
puerto rico,-26.8,-55.02,67.39,55,3.0,0,67.39
severnoye,56.35,78.36,45.41,85,1.54,14,45.41
bloomingdale,27.89,-82.24,83.34,74,6.93,90,84.2
sovetskiy,61.36,63.58,31.57,95,5.46,18,31.57
zyryanka,65.75,150.85,9.23,83,5.32,4,9.23
kirensk,57.79,108.11,23.52,85,6.6,0,23.52
murgab,37.5,61.97,59.0,72,4.7,0,59.0
shihezi,44.3,86.03,56.8,39,0.25,2,56.8
nova olimpia,-14.8,-57.29,75.24,79,2.01,29,75.24
tarakan,3.3,117.63,79.02,83,5.84,81,79.02
baykit,61.67,96.37,26.91,90,1.86,1,26.91
nizhniy kuranakh,58.84,125.49,17.33,86,7.25,100,17.33
zhigansk,66.77,123.37,17.51,93,8.59,100,17.51
beringovskiy,63.05,179.32,20.41,96,18.28,100,20.41
brae,60.4,-1.35,42.17,86,11.41,0,44.6
biak,-0.91,122.88,82.11,69,2.86,3,82.11
luganville,-15.53,167.17,84.2,79,6.93,75,84.2
joshimath,30.57,79.57,41.97,25,6.4,89,41.97
waingapu,-9.66,120.26,81.41,70,2.93,92,81.41
deputatskiy,69.3,139.9,6.67,87,6.04,60,6.67
aras,42.56,-2.36,51.67,87,8.05,75,53.6
coolum beach,-26.53,153.1,72.0,66,3.0,0,72.0
nakusp,50.25,-117.8,51.01,56,0.92,84,51.01
george,-33.96,22.46,59.0,77,3.36,0,59.0
bathsheba,13.22,-59.52,80.6,69,19.46,20,80.6
coacoyul,17.81,-99.11,99.0,23,1.01,39,99.0
lata,40.16,-8.33,52.47,93,3.0,56,54.0
wenchi,7.74,-2.1,72.99,78,4.92,100,72.99
pemberton,50.32,-122.8,60.8,44,5.82,75,60.8
verkhnyaya sysert,56.44,60.75,32.0,79,2.46,9,32.0
mercedes,-34.65,-59.43,66.67,60,5.48,0,71.01
warrnambool,-38.38,142.48,61.0,76,24.65,74,61.0
port pirie,-33.18,138.02,68.0,68,8.05,40,68.0
selestat,48.26,7.46,59.0,58,17.22,96,59.0
siatista,40.26,21.54,51.8,62,3.36,74,51.8
bonavista,48.65,-53.11,32.4,96,39.48,100,32.4
san blas,21.52,-105.27,84.2,51,5.82,75,84.2
chhagalnaiya,23.03,91.51,76.24,92,7.56,93,76.24
salinas,36.68,-121.66,61.57,55,12.75,1,62.6
aklavik,68.22,-135.01,21.2,48,3.36,90,21.2
baghdad,33.34,44.4,64.4,55,2.24,0,64.4
balkanabat,39.51,54.37,67.39,45,5.75,63,67.39
sawtell,-30.38,153.1,67.53,73,6.93,34,69.8
samarai,-10.62,150.67,83.7,77,7.02,74,83.7
coripata,-16.3,-67.6,46.4,61,3.36,75,46.4
coihaique,-45.58,-72.07,41.0,93,8.05,40,41.0
linguere,15.4,-15.12,75.02,38,14.38,2,75.02
stubbekobing,54.89,12.04,41.9,38,3.15,0,46.99
teseney,15.11,36.66,72.5,17,6.44,85,72.5
vanimo,-2.67,141.3,82.74,79,1.43,100,82.74
nabire,-3.37,135.48,85.96,64,1.36,54,85.96
monticello,45.31,-93.79,48.61,26,9.17,1,50.0
marsh harbour,26.54,-77.06,80.15,78,12.24,42,80.15
gedo,9.02,37.45,57.7,26,1.95,100,57.7
micheweni,-4.97,39.83,79.32,80,15.82,100,79.32
zhigalovo,54.81,105.16,25.39,78,6.33,0,25.39
hereford,52.06,-2.71,44.01,78,7.23,25,44.01
vostok,46.49,135.88,43.72,45,7.34,100,43.72
sterling,39.01,-77.43,63.66,39,9.17,75,64.99
landerneau,48.45,-4.25,50.52,81,9.17,87,51.8
the valley,18.22,-63.06,80.53,74,8.05,20,81.0
ketchikan,55.34,-131.65,49.62,81,12.75,75,51.8
sokolo,14.73,-6.12,91.33,28,10.58,61,91.33
kaeo,-35.1,173.78,60.49,94,1.01,100,61.0
marrakesh,31.63,-8.01,60.8,67,5.82,40,60.8
castelldefels,41.28,1.97,60.12,93,14.99,75,60.8
shimoda,34.67,138.95,48.15,93,13.87,75,51.8
den helder,52.96,4.76,48.78,61,21.92,0,50.0
liwale,-9.77,37.93,66.96,84,4.65,80,66.96
moron,-34.65,-58.62,69.58,72,5.03,0,70.0
vestmannaeyjar,63.44,-20.27,46.08,93,28.1,100,46.08
talnakh,69.49,88.4,37.4,74,24.61,100,37.4
shyryayeve,47.38,30.2,48.25,52,5.64,100,48.25
tezu,27.92,96.17,65.48,71,3.96,96,65.48
dedza,-14.38,34.33,55.0,66,5.48,59,55.0
saint anthony,45.02,-93.22,49.46,23,8.05,1,51.01
yagodnoye,62.55,149.67,6.37,83,4.61,100,6.37
emmen,52.78,6.91,45.52,42,5.82,0,46.4
tawang,27.58,91.87,41.0,31,2.64,55,41.0
kapit,2.02,112.93,77.38,88,0.54,94,77.38
bubaque,11.28,-15.83,77.02,74,13.06,75,77.02
sakakah,29.97,40.21,68.0,40,8.05,2,68.0
torrelavega,43.35,-4.05,55.8,85,3.0,93,55.99
outlook,51.5,-107.05,46.22,57,13.6,100,46.22
gavrilov posad,56.56,40.12,33.03,88,3.38,64,33.03
yashkul,46.17,45.34,52.56,76,3.53,84,52.56
baracoa,20.35,-74.5,79.45,82,9.22,20,79.45
bridlington,54.08,-0.19,41.34,93,6.93,0,42.01
olinda,-8.01,-34.86,82.4,78,6.93,40,82.4
idaho falls,43.47,-112.03,58.62,25,6.93,75,60.8
makakilo city,21.35,-158.09,79.77,58,10.29,1,82.4
portland,45.52,-122.68,62.53,48,8.05,20,64.99
suluq,31.67,20.25,67.03,34,11.52,53,67.03
sinop,41.77,34.87,51.76,55,2.57,99,51.76
elizabeth city,36.29,-76.25,65.28,82,4.7,90,66.99
sundsvall,62.39,17.31,42.71,70,12.75,3,44.01
madawaska,47.36,-68.33,46.2,88,10.29,90,46.4
quatre cocos,-20.21,57.76,74.57,88,11.41,40,75.2
dudinka,69.41,86.18,37.4,74,24.61,100,37.4
ostersund,63.18,14.64,37.4,86,9.17,56,37.4
bargur,12.54,78.35,71.83,78,2.62,12,71.83
bastia,42.67,9.33,57.52,93,5.82,90,59.0
ancud,-41.87,-73.82,50.0,81,5.82,40,50.0
abonnema,4.71,6.79,77.04,85,2.06,99,77.04
port shepstone,-30.74,30.45,68.32,82,17.87,0,68.32
mayen,50.33,7.22,48.85,52,14.99,0,52.0
matay,28.42,30.78,64.98,48,17.98,0,64.98
mackay,-21.15,149.2,80.49,88,6.93,90,84.0
abong mbang,3.98,13.18,67.57,80,3.06,100,67.57
petropavlovsk-kamchatskiy,53.05,158.65,33.8,26,15.66,21,33.8
liberal,37.04,-100.92,70.63,24,6.93,20,71.6
fare,-16.7,-151.02,83.71,75,17.58,63,83.71
ishigaki,24.34,124.16,75.2,94,12.75,75,75.2
punta alta,-38.88,-62.07,63.32,55,10.38,93,63.32
porto santo,33.07,-16.34,60.8,77,9.17,20,60.8
harrismith,-28.27,29.13,49.62,47,0.6,0,49.62
orichi,58.4,49.06,32.27,89,3.31,80,32.27
ures,29.43,-110.4,84.69,20,5.01,49,87.01
conakry,9.54,-13.68,80.6,83,9.17,20,80.6
donskoye,45.46,41.97,50.41,76,6.4,45,50.41
marzuq,14.4,46.47,72.27,47,2.91,100,72.27
bara,10.37,10.73,85.71,43,5.86,52,85.71
muros,42.78,-9.06,49.44,91,1.19,62,53.01
sur,22.57,59.53,83.8,46,8.32,1,83.8
roela,59.17,26.59,33.75,88,4.88,47,33.75
kholuy,56.58,41.87,33.67,87,2.26,94,33.67
verkhnyaya inta,65.98,60.31,34.11,94,6.22,100,34.11
rio verde de mato grosso,-18.92,-54.84,72.72,74,6.53,3,72.72
chara,56.91,118.26,14.4,73,6.02,87,14.4
santa cruz de la palma,28.68,-17.76,64.4,72,10.29,20,64.4
bontang,0.13,117.5,76.51,90,4.52,100,76.51
plymouth,41.83,-70.83,48.92,57,18.34,1,50.0
dubasari,47.26,29.16,53.29,34,9.17,100,53.6
channel-port aux basques,47.57,-59.14,33.55,92,20.76,100,33.55
brownsville,25.9,-97.5,97.48,35,16.11,1,98.6
balikpapan,-1.27,116.83,76.1,91,3.71,100,76.1
broome,42.25,-75.83,52.83,43,11.41,75,55.4
la ronge,55.1,-105.28,41.0,35,18.34,75,41.0
daru,-9.08,143.21,84.34,76,9.24,47,84.34
lanzhou,36.06,103.79,42.19,37,4.47,100,46.0
jennings,38.72,-90.26,66.45,48,11.41,40,68.0
gubkinskiy,64.43,76.5,32.34,96,11.07,98,32.34
kloulklubed,7.04,134.26,82.4,83,9.17,75,82.4
great falls,47.5,-111.3,59.38,26,18.34,40,60.8
bogo,11.05,124.01,84.0,75,10.63,71,84.0
beyneu,45.32,55.2,62.47,48,2.71,100,62.47
